country_name,cowc,cown,fao,fips104,imf,ioc,iso2c,iso3c,iso3n,un,wb,regex,continent,region
Afghanistan,AFG,700,2,AF,512,AFG,AF,AFG,4,4,AFG,afghan,Asia,Southern Asia
Aland Islands,,,,,,,AX,ALA,248,248,ALA,\b\wland,Europe,Northern Europe
Albania,ALB,339,3,AL,914,ALB,AL,ALB,8,8,ALB,albania,Europe,Southern Europe
Algeria,ALG,615,4,AG,612,ALG,DZ,DZA,12,12,DZA,algeria,Africa,Northern Africa
American Samoa,,,,AQ,859,ASA,AS,ASM,16,16,ASM,^(?=.*americ).*samoa,Oceania,Polynesia
Andorra,AND,232,6,AN,,AND,AD,AND,20,20,ADO,andorra,Europe,Southern Europe
Angola,ANG,540,7,AO,614,ANG,AO,AGO,24,24,AGO,angola,Africa,Middle Africa
Anguilla,,,,AV,312,AIA,AI,AIA,660,660,AIA,anguill?a,Americas,Caribbean
Antarctica,,,,AY,,,AQ,ATA,10,,ATA,antarctica,,
Antigua and Barbuda,AAB,58,8,AC,311,ANT,AG,ATG,28,28,ATG,antigua,Americas,Caribbean
Argentina,ARG,160,9,AR,213,ARG,AR,ARG,32,32,ARG,argentin,Americas,South America
Armenia,ARM,371,1,AM,911,ARM,AM,ARM,51,51,ARM,armenia,Asia,Western Asia
Aruba,,,,AA,314,ARU,AW,ABW,533,533,ABW,^(?!.*bonaire).*\baruba,Americas,Caribbean
Australia,AUL,900,10,AS,193,AUS,AU,AUS,36,36,AUS,australia,Oceania,Australia and New Zealand
Austria,AUS,305,11,AU,122,AUT,AT,AUT,40,40,AUT,^(?!.*hungary).*austria|\baustri.*\bemp,Europe,Western Europe
Austria-Hungary,AUH,300,,,,,,,,,,austria-hungary,,
Azerbaijan,AZE,373,52,AJ,912,AZE,AZ,AZE,31,31,AZE,azerbaijan,Asia,Western Asia
Baden,BAD,267,,,,,,,,,,baden,,
Bahamas,BHM,31,12,BF,313,BAH,BS,BHS,44,44,BHS,bahamas,Americas,Caribbean
Bahrain,BAH,692,13,BA,419,BRN,BH,BHR,48,48,BHR,bahrain,Asia,Western Asia
Bangladesh,BNG,771,16,BG,513,BAN,BD,BGD,50,50,BGD,bangladesh|^(?=.*east).*paki?stan,Asia,Southern Asia
Barbados,BAR,53,14,BB,316,BAR,BB,BRB,52,52,BRB,barbados,Americas,Caribbean
Bavaria,BAV,245,,,,,,,,,,bavaria,,
Belarus,BLR,370,57,BO,913,BLR,BY,BLR,112,112,BLR,belarus|byelo,Europe,Eastern Europe
Belgium,BEL,211,255,BE,124,BEL,BE,BEL,56,56,BEL,^(?!.*luxem).*belgium,Europe,Western Europe
Belize,BLZ,80,23,BH,339,BIZ,BZ,BLZ,84,84,BLZ,belize|^(?=.*british).*honduras,Americas,Central America
Benin,BEN,434,53,BN,638,BEN,BJ,BEN,204,204,BEN,benin|dahome,Africa,Western Africa
Bermuda,,,,,319,BER,BM,BMU,60,60,BMU,bermuda,Americas,Northern America
Bhutan,BHU,760,18,BT,514,BHU,BT,BTN,64,64,BTN,bhutan,Asia,Southern Asia
"Bolivia, Plurinational State of",BOL,145,19,BL,218,BOL,BO,BOL,68,68,BOL,bolivia,Americas,South America
"Bonaire, Sint Eustatius and Saba",,,,,,,BQ,BES,535,535,,^(?=.*bonaire).*eustatius|^(?=.*carib).*netherlands|\bbes.?islands,Americas,Caribbean
Bosnia and Herzegovina,BOS,346,80,BK,963,BIH,BA,BIH,70,70,BIH,herzegovina|bosnia,Europe,Southern Europe
Botswana,BOT,571,20,BC,616,BOT,BW,BWA,72,72,BWA,botswana|bechuana,Africa,Southern Africa
Bouvet Island,,,,,,,BV,BVT,74,,BVT,bouvet,,
Brazil,BRA,140,21,BR,223,BRA,BR,BRA,76,76,BRA,brazil,Americas,South America
British Indian Ocean Territory,,,,,,,IO,IOT,86,,IOT,british.?indian.?ocean,,
Brunei Darussalam,BRU,835,26,BX,516,BRU,BN,BRN,96,96,BRN,brunei,Asia,South-Eastern Asia
Bulgaria,BUL,355,27,BU,918,BUL,BG,BGR,100,100,BGR,bulgaria,Europe,Eastern Europe
Burkina Faso,BFO,439,233,UV,748,BUR,BF,BFA,854,854,BFA,burkina|\bfaso|upper.?volta,Africa,Western Africa
Burundi,BUI,516,29,BY,618,BDI,BI,BDI,108,108,BDI,burundi,Africa,Eastern Africa
Cambodia,CAM,811,115,CB,522,CAM,KH,KHM,116,116,KHM,cambodia|kampuchea|khmer,Asia,South-Eastern Asia
Cameroon,CAO,471,32,CM,622,CMR,CM,CMR,120,120,CMR,cameroon,Africa,Middle Africa
Canada,CAN,20,33,CA,156,CAN,CA,CAN,124,124,CAN,canada,Americas,Northern America
Cabo Verde,CAP,402,35,CV,624,CPV,CV,CPV,132,132,CPV,verde,Africa,Western Africa
Cayman Islands,,,,CJ,377,CAY,KY,CYM,136,136,CYM,cayman,Americas,Caribbean
Central African Republic,CEN,482,37,CT,626,CAF,CF,CAF,140,140,CAF,\bcentral.african.republic,Africa,Middle Africa
Chad,CHA,483,39,CD,628,CHA,TD,TCD,148,148,TCD,\bchad,Africa,Middle Africa
Chile,CHL,155,40,CI,228,CHI,CL,CHL,152,152,CHL,\bchile,Americas,South America
China,CHN,710,351,CH,924,CHN,CN,CHN,156,156,CHN,^(?!.*\bmac)(?!.*\bhong)(?!.*\btai).*china,Asia,Eastern Asia
Christmas Island,,,,CX,,,CX,CXR,162,,CXR,christmas,,
Cocos (Keeling) Islands,,,,,,,CC,CCK,166,,CCK,\bcocos|keeling,,
Colombia,COL,100,44,CO,233,COL,CO,COL,170,170,COL,colombia,Americas,South America
Comoros,COM,581,45,CN,632,COM,KM,COM,174,174,COM,comoro,Africa,Eastern Africa
"Congo, the Democratic Republic of the",DRC,490,250,CG,636,COD,CD,COD,180,180,ZAR,"\bdem.*congo|congo.*\bdem|congo.*\bdr|\bdr.*congo|belgian.?congo|congo.?free.?state|kinshasa|zaire|l.opoldville|drc|droc|rdc",Africa,Middle Africa
Congo,CON,484,46,CF,634,CGO,CG,COG,178,178,COG,"^(?!.*\bdem)(?!.*\bdr)(?!.*kinshasa)(?!.*zaire)(?!.*belg)(?!.*l.opoldville)(?!.*free).*\bcongo",Africa,Middle Africa
Cook Islands,,,47,CW,815,COK,CK,COK,184,184,COK,\bcook,Oceania,Polynesia
Costa Rica,COS,94,48,CS,238,CRC,CR,CRI,188,188,CRI,costa.?rica,Americas,Central America
Cote d'Ivoire,CDI,437,107,IV,662,CIV,CI,CIV,384,384,CIV,ivoire|ivory,Africa,Western Africa
Croatia,CRO,344,98,HR,960,CRO,HR,HRV,191,191,HRV,croatia,Europe,Southern Europe
Cuba,CUB,40,49,CU,928,CUB,CU,CUB,192,192,CUB,\bcuba,Americas,Caribbean
Curacao,,,,UC,354,,CW,CUW,531,531,CUW,^(?!.*bonaire).*\bcura(c|ç)ao,Americas,Caribbean
Cyprus,CYP,352,50,CY,423,CYP,CY,CYP,196,196,CYP,cyprus,Asia,Western Asia
Czech Republic,CZR,316,167,EZ,935,CZE,CZ,CZE,203,203,CZE,^(?=.*rep).*czech|czechia|bohemia,Europe,Eastern Europe
Czechoslovakia,CZE,315,,,934,TCH,CS,CSK,200,,,czechoslovakia,,
Denmark,DEN,390,54,DA,128,DEN,DK,DNK,208,208,DNK,denmark,Europe,Northern Europe
Djibouti,DJI,522,72,DJ,611,DJI,DJ,DJI,262,262,DJI,djibouti,Africa,Eastern Africa
Dominica,DMA,54,55,DO,321,DMA,DM,DMA,212,212,DMA,dominica(?!n),Americas,Caribbean
Dominican Republic,DOM,42,56,DR,243,DOM,DO,DOM,214,214,DOM,dominican.rep,Americas,Caribbean
Ecuador,ECU,130,58,EC,248,ECU,EC,ECU,218,218,ECU,ecuador,Americas,South America
Egypt,EGY,651,59,EG,469,EGY,EG,EGY,818,818,EGY,egypt,Africa,Northern Africa
El Salvador,SAL,92,60,ES,253,ESA,SV,SLV,222,222,SLV,el.?salvador,Americas,Central America
Equatorial Guinea,EQG,411,61,EK,642,GEQ,GQ,GNQ,226,226,GNQ,guine.*eq|eq.*guine|^(?=.*span).*guinea,Africa,Middle Africa
Eritrea,ERI,531,178,ER,643,ERI,ER,ERI,232,232,ERI,eritrea,Africa,Eastern Africa
Estonia,EST,366,63,EN,939,EST,EE,EST,233,233,EST,estonia,Europe,Northern Europe
Ethiopia,ETH,530,238,ET,644,ETH,ET,ETH,231,231,ETH,ethiopia|abyssinia,Africa,Eastern Africa
Falkland Islands (Malvinas),,,,FK,323,,FK,FLK,238,238,FLK,falkland|malvinas,Americas,South America
Faroe Islands,,,64,FO,816,,FO,FRO,234,234,FRO,faroe|faeroe,Europe,Northern Europe
Fiji,FIJ,950,66,FJ,819,FIJ,FJ,FJI,242,242,FJI,fiji,Oceania,Melanesia
Finland,FIN,375,67,FI,172,FIN,FI,FIN,246,246,FIN,finland,Europe,Northern Europe
France,FRN,220,68,FR,132,FRA,FR,FRA,250,250,FRA,^(?!.*\bdep)(?!.*martinique).*france|french.?republic|\bgaul,Europe,Western Europe
French Guiana,,,,FG,333,,GF,GUF,254,254,GUF,^(?=.*french).*guiana,Americas,South America
French Polynesia,,,,FP,887,,PF,PYF,258,258,PYF,french.?polynesia|tahiti,Oceania,Polynesia
French Southern Territories,,,,,,,TF,ATF,260,,ATF,french.?southern,,
Gabon,GAB,481,74,GB,646,GAB,GA,GAB,266,266,GAB,gabon,Africa,Middle Africa
Gambia,GAM,420,75,GA,648,GAM,GM,GMB,270,270,GMB,gambia,Africa,Western Africa
Georgia,GRG,372,73,GG,915,GEO,GE,GEO,268,268,GEO,^(?!.*south).*georgia,Asia,Western Asia
German Democratic Republic,GDR,265,,,,GDR,DD,DDR,278,,,german.?democratic.?republic|democratic.?republic.*germany|east.germany,,
Federal Republic of Germany,GFR,260,,,,FRG,,,280,,,^(?=.*\bfed.*\brep).*german|(?=.*west).*germany|bonn.?republic,,
Germany,GMY,255,79,GM,134,GER,DE,DEU,276,276,DEU,^(?!.*east).*germany|^(?=.*\bfed.*\brep).*german,Europe,Western Europe
Ghana,GHA,452,81,GH,652,GHA,GH,GHA,288,288,GHA,ghana|gold.?coast,Africa,Western Africa
Gibraltar,,,,GI,823,,GI,GIB,292,292,GIB,gibraltar,Europe,Southern Europe
Greece,GRC,350,84,GR,174,GRE,GR,GRC,300,300,GRC,greece|hellenic|hellas,Europe,Southern Europe
Greenland,,,,GL,326,,GL,GRL,304,304,GRL,greenland,Americas,Northern America
Grenada,GRN,55,86,GJ,328,GRN,GD,GRD,308,308,GRD,grenada,Americas,Caribbean
Guadeloupe,,,,GP,329,,GP,GLP,312,312,GLP,guadeloupe,Americas,Caribbean
Guam,,,,GU,829,GUM,GU,GUM,316,316,GUM,\bguam,Oceania,Micronesia
Guatemala,GUA,90,89,GT,258,GUA,GT,GTM,320,320,GTM,guatemala,Americas,Central America
Guernsey,,,,GK,,,GG,GGY,831,831,GGY,guernsey,Europe,Northern Europe
Guinea,GUI,438,90,GV,656,GUI,GN,GIN,324,324,GIN,^(?!.*eq)(?!.*span)(?!.*bissau)(?!.*portu)(?!.*new).*guinea,Africa,Western Africa
Guinea-Bissau,GNB,404,175,PU,654,GBS,GW,GNB,624,624,GNB,bissau|^(?=.*portu).*guinea,Africa,Western Africa
Guyana,GUY,110,91,GY,336,GUY,GY,GUY,328,328,GUY,guyana|british.?guiana,Americas,South America
Haiti,HAI,41,93,HA,263,HAI,HT,HTI,332,332,HTI,haiti,Americas,Caribbean
Hanover,HAN,240,,,,,,,,,,hanover,,
Heard Island and McDonald Islands,,,,,,,HM,HMD,334,,HMD,heard.*mcdonald,,
Hesse Electoral,HSE,273,,,,,,,,,,hesse.*lectoral,,
Hesse Grand Ducal,HSG,275,,,,,,,,,,hess.*gran.*ducal,,
Holy See (Vatican City State),PAP,327,,VT,,,VA,VAT,336,336,VAT,holy.?see|vatican|papal.?st,Europe,Southern Europe
Honduras,HON,91,95,HO,268,HON,HN,HND,340,340,HND,^(?!.*brit).*honduras,Americas,Central America
Hong Kong,,,,,532,HKG,HK,HKG,344,344,HKG,hong.?kong,Asia,Eastern Asia
Hungary,HUN,310,97,HU,944,HUN,HU,HUN,348,348,HUN,^(?!.*austr).*hungary,Europe,Eastern Europe
Iceland,ICE,395,99,IC,176,ISL,IS,ISL,352,352,ISL,iceland,Europe,Northern Europe
India,IND,750,100,IN,534,IND,IN,IND,356,356,IND,india(?!.*ocea),Asia,Southern Asia
Indonesia,INS,850,101,ID,536,INA,ID,IDN,360,360,IDN,indonesia,Asia,South-Eastern Asia
"Iran, Islamic Republic of",IRN,630,102,IR,429,IRI,IR,IRN,364,364,IRN,\biran|persia,Asia,Southern Asia
Iraq,IRQ,645,103,IZ,433,IRQ,IQ,IRQ,368,368,IRQ,\biraq|mesopotamia,Asia,Western Asia
Ireland,IRE,205,104,EI,178,IRL,IE,IRL,372,372,IRL,ireland,Europe,Northern Europe
Isle of Man,,,,IM,,,IM,IMN,833,833,IMY,^(?=.*isle).*\bman,Europe,Northern Europe
Israel,ISR,666,105,IS,436,ISR,IL,ISR,376,376,ISR,israel,Asia,Western Asia
Italy,ITA,325,106,IT,136,ITA,IT,ITA,380,380,ITA,italy,Europe,Southern Europe
Jamaica,JAM,51,109,JM,343,JAM,JM,JAM,388,388,JAM,jamaica,Americas,Caribbean
Japan,JPN,740,110,JA,158,JPN,JP,JPN,392,392,JPN,japan,Asia,Eastern Asia
Jersey,,,,,,,JE,JEY,832,832,JEY,jersey,Europe,Northern Europe
Jordan,JOR,663,112,JO,439,JOR,JO,JOR,400,400,JOR,jordan,Asia,Western Asia
Kazakhstan,KZK,705,108,KZ,916,KAZ,KZ,KAZ,398,398,KAZ,kazak,Asia,Central Asia
Kenya,KEN,501,114,KE,664,KEN,KE,KEN,404,404,KEN,kenya|british.?east.?africa|east.?africa.?prot,Africa,Eastern Africa
Kiribati,KIR,946,83,KR,826,KIR,KI,KIR,296,296,KIR,kiribati,Oceania,Micronesia
Korea,KOR,730,,,,,,,,,,,,
"Korea, Democratic People's Republic of",PRK,731,116,KN,,PRK,KP,PRK,408,408,PRK,^(?=.*democrat).*\bkorea|^(?=.*people).*\bkorea|^(?=.*north).*\bkorea|dprk,Asia,Eastern Asia
"Korea, Republic of",ROK,732,117,KS,542,KOR,KR,KOR,410,410,KOR,^(?!.*democrat)(?!.*people)(?!.*north).*\bkorea,Asia,Eastern Asia
Kosovo,KOS,347,,KV,967,,,,,,KSV,kosovo,,
Kuwait,KUW,690,118,KU,443,KUW,KW,KWT,414,414,KWT,kuwait,Asia,Western Asia
Kyrgyzstan,KYR,703,113,KG,917,KGZ,KG,KGZ,417,417,KGZ,kyrgyz|kirghiz,Asia,Central Asia
Lao People's Democratic Republic,LAO,812,120,LA,544,LAO,LA,LAO,418,418,LAO,\blaos?\b,Asia,South-Eastern Asia
Latvia,LAT,367,119,LG,941,LAT,LV,LVA,428,428,LVA,latvia,Europe,Northern Europe
Lebanon,LEB,660,121,LE,446,LIB,LB,LBN,422,422,LBN,lebanon,Asia,Western Asia
Lesotho,LES,570,122,LT,666,LES,LS,LSO,426,426,LSO,lesotho|basuto,Africa,Southern Africa
Liberia,LBR,450,123,LI,668,LBR,LR,LBR,430,430,LBR,liberia,Africa,Western Africa
Libya,LIB,620,124,LY,672,LBA,LY,LBY,434,434,LBY,libya,Africa,Northern Africa
Liechtenstein,LIE,223,,LS,,LIE,LI,LIE,438,438,LIE,liechtenstein,Europe,Western Europe
Lithuania,LIT,368,126,LH,946,LTU,LT,LTU,440,440,LTU,lithuania,Europe,Northern Europe
Luxembourg,LUX,212,256,LU,137,LUX,LU,LUX,442,442,LUX,^(?!.*belg).*luxem,Europe,Western Europe
Macao,,,,MC,546,,MO,MAC,446,446,MAC,maca(o|u),Asia,Eastern Asia
"Macedonia, the former Yugoslav Republic of",MAC,343,154,MK,962,MKD,MK,MKD,807,807,MKD,macedonia|fyrom,Europe,Southern Europe
Madagascar,MAG,580,129,MA,674,MAD,MG,MDG,450,450,MDG,madagascar|malagasy,Africa,Eastern Africa
Malawi,MAW,553,130,MI,676,MAW,MW,MWI,454,454,MWI,malawi|nyasa,Africa,Eastern Africa
Malaysia,MAL,820,131,MY,548,MAS,MY,MYS,458,458,MYS,malaysia,Asia,South-Eastern Asia
Maldives,MAD,781,132,MV,556,MDV,MV,MDV,462,462,MDV,maldive,Asia,Southern Asia
Mali,MLI,432,133,ML,678,MLI,ML,MLI,466,466,MLI,\bmali\b,Africa,Western Africa
Malta,MLT,338,134,MT,181,MLT,MT,MLT,470,470,MLT,\bmalta,Europe,Southern Europe
Marshall Islands,MSI,983,127,RM,867,MHL,MH,MHL,584,584,MHL,marshall,Oceania,Micronesia
Martinique,,,,MB,349,,MQ,MTQ,474,474,MTQ,martinique,Americas,Caribbean
Mauritania,MAA,435,136,MR,682,MTN,MR,MRT,478,478,MRT,mauritania,Africa,Western Africa
Mauritius,MAS,590,137,MP,684,MRI,MU,MUS,480,480,MUS,mauritius,Africa,Eastern Africa
Mayotte,,,,,,,YT,MYT,175,175,MYT,\bmayotte,Africa,Eastern Africa
Mecklenburg Schwerin,MEC,280,,,,,,,,,,mecklenbur.*schwerin,,
Mexico,MEX,70,138,MX,273,MEX,MX,MEX,484,484,MEX,\bmexic,Americas,Central America
"Micronesia, Federated States of",FSM,987,145,FM,868,FSM,FM,FSM,583,583,FSM,micronesia,Oceania,Micronesia
Modena,MOD,332,,,,,,,,,,modena,,
"Moldova, Republic of",MLD,359,146,MD,921,MDA,MD,MDA,498,498,MDA,moldov|b(a|e)ssarabia,Europe,Eastern Europe
Monaco,MNC,221,140,MN,,MON,MC,MCO,492,492,MCO,monaco,Europe,Western Europe
Mongolia,MON,712,141,MG,948,MGL,MN,MNG,496,496,MNG,mongolia,Asia,Eastern Asia
Montenegro,MNG,341,273,MJ,943,MNE,ME,MNE,499,499,MNE,^(?!.*serbia).*montenegro,Europe,Southern Europe
Montserrat,,,,MH,351,,MS,MSR,500,500,MSR,montserrat,Americas,Caribbean
Morocco,MOR,600,143,MO,686,MAR,MA,MAR,504,504,MAR,morocco|\bmaroc,Africa,Northern Africa
Mozambique,MZM,541,144,MZ,688,MOZ,MZ,MOZ,508,508,MOZ,mozambique,Africa,Eastern Africa
Myanmar,MYA,775,28,BM,518,MYA,MM,MMR,104,104,MMR,myanmar|burma,Asia,South-Eastern Asia
Namibia,NAM,565,147,WA,728,NAM,NA,NAM,516,516,NAM,namibia,Africa,Southern Africa
Nauru,NAU,970,148,NR,836,NRU,NR,NRU,520,520,NRU,nauru,Oceania,Micronesia
Nepal,NEP,790,149,NP,558,NEP,NP,NPL,524,524,NPL,nepal,Asia,Southern Asia
Netherlands,NTH,210,150,NL,138,NED,NL,NLD,528,528,NLD,^(?!.*\bant)(?!.*\bcarib).*netherlands,Europe,Western Europe
Netherlands Antilles,,,,,353,AHO,AN,ANT,530,,ANT,^(?=.*\bant).*(nether|dutch),Americas,Caribbean
New Caledonia,,,,NC,839,,NC,NCL,540,540,NCL,new.?caledonia,Oceania,Melanesia
New Zealand,NEW,920,156,NZ,196,NZL,NZ,NZL,554,554,NZL,new.?zealand,Oceania,Australia and New Zealand
Nicaragua,NIC,93,157,NU,278,NCA,NI,NIC,558,558,NIC,nicaragua,Americas,Central America
Niger,NIR,436,158,NG,692,NIG,NE,NER,562,562,NER,\bniger(?!ia),Africa,Western Africa
Nigeria,NIG,475,159,NI,694,NGR,NG,NGA,566,566,NGA,nigeria,Africa,Western Africa
Niue,,,160,NE,,,NU,NIU,570,570,NIU,niue,Oceania,Polynesia
Norfolk Island,,,,,,,NF,NFK,574,574,NFK,norfolk,Oceania,Australia and New Zealand
Northern Mariana Islands,,,,CQ,,,MP,MNP,580,580,MNP,mariana,Oceania,Micronesia
Norway,NOR,385,162,NO,142,NOR,NO,NOR,578,578,NOR,norway,Europe,Northern Europe
Oman,OMA,698,221,MU,449,OMA,OM,OMN,512,512,OMN,\boman|trucial,Asia,Western Asia
Pakistan,PAK,770,165,PK,564,PAK,PK,PAK,586,586,PAK,^(?!.*east).*paki?stan,Asia,Southern Asia
Palau,PAL,986,180,PS,565,PLW,PW,PLW,585,585,PLW,palau,Oceania,Micronesia
"Palestine, State of",,,,,487,PLE,PS,PSE,275,275,WBG,palestin|\bgaza|west.?bank,Asia,Western Asia
Panama,PAN,95,166,PM,283,PAN,PA,PAN,591,591,PAN,panama,Americas,Central America
Papua New Guinea,PNG,910,168,PP,853,PNG,PG,PNG,598,598,PNG,papua|new.?guinea,Oceania,Melanesia
Paraguay,PAR,150,169,PA,288,PAR,PY,PRY,600,600,PRY,paraguay,Americas,South America
Parma,PMA,335,,,,,,,,,,parma,,
Peru,PER,135,170,PE,293,PER,PE,PER,604,604,PER,peru,Americas,South America
Philippines,PHI,840,171,RP,566,PHI,PH,PHL,608,608,PHL,philippines,Asia,South-Eastern Asia
Pitcairn,,,,,,,PN,PCN,612,612,PCN,pitcairn,Oceania,Polynesia
Poland,POL,290,173,PL,964,POL,PL,POL,616,616,POL,poland,Europe,Eastern Europe
Portugal,POR,235,174,PO,182,POR,PT,PRT,620,620,PRT,portugal,Europe,Southern Europe
Puerto Rico,,,,RQ,,PUR,PR,PRI,630,630,PRI,puerto.?rico,Americas,Caribbean
Qatar,QAT,694,179,QA,453,QAT,QA,QAT,634,634,QAT,qatar,Asia,Western Asia
Republic of Vietnam,RVN,817,,,,VNM,,,714,,,,,
Reunion,,,,RE,696,,RE,REU,638,638,REU,r(e|é)union,Africa,Eastern Africa
Romania,ROM,360,183,RO,968,ROU,RO,ROU,642,642,ROM,r(o|u|ou)mania,Europe,Eastern Europe
Russian Federation,RUS,365,185,RS,922,RUS,RU,RUS,643,643,RUS,\brussia|soviet.?union|u\.?s\.?s\.?r|socialist.?republics,Europe,Eastern Europe
Rwanda,RWA,517,184,RW,714,RWA,RW,RWA,646,646,RWA,rwanda,Africa,Eastern Africa
Saint Barthelemy,,,,,,,BL,BLM,652,652,BLM,barth(e|é)lemy,Americas,Caribbean
"Saint Helena, Ascension and Tristan da Cunha",,,,SH,856,,SH,SHN,654,654,SHN,helena,Africa,Western Africa
Saint Kitts and Nevis,SKN,60,188,SC,361,SKN,KN,KNA,659,659,KNA,kitts|\bnevis,Americas,Caribbean
Saint Lucia,SLU,56,189,ST,362,LCA,LC,LCA,662,662,LCA,\blucia,Americas,Caribbean
Saint Martin (French part),,,,,352,,MF,MAF,663,663,MAF,^(?=.*collectivity).*martin|^(?=.*france).*martin(?!ique)|^(?=.*french).*martin(?!ique),Americas,Caribbean
Saint Pierre and Miquelon,,,,,363,,PM,SPM,666,666,SPM,miquelon,Americas,Northern America
Saint Vincent and the Grenadines,SVG,57,191,VC,364,VIN,VC,VCT,670,670,VCT,vincent,Americas,Caribbean
Samoa,WSM,990,244,WS,862,SAM,WS,WSM,882,882,WSM,^(?!.*amer).*samoa,Oceania,Polynesia
San Marino,SNM,331,192,SM,135,SMR,SM,SMR,674,674,SMR,san.?marino,Europe,Southern Europe
Sao Tome and Principe,STP,403,193,TP,716,STP,ST,STP,678,678,STP,\bs(a|ã)o.?tom(e|é),Africa,Middle Africa
Saudi Arabia,SAU,670,194,SA,456,KSA,SA,SAU,682,682,SAU,\bsa\w*.?arabia,Asia,Western Asia
Saxony,SAX,269,,,,,,,,,,saxony,,
Senegal,SEN,433,195,SG,722,SEN,SN,SEN,686,686,SEN,senegal,Africa,Western Africa
Serbia,,,272,RI,942,SRB,RS,SRB,688,688,SRB,^(?!.*monte).*serbia,Europe,Southern Europe
Seychelles,SEY,591,196,SE,718,SEY,SC,SYC,690,690,SYC,seychell,Africa,Eastern Africa
Sierra Leone,SIE,451,197,SL,724,SLE,SL,SLE,694,694,SLE,sierra,Africa,Western Africa
Singapore,SIN,830,200,SN,576,SIN,SG,SGP,702,702,SGP,singapore,Asia,South-Eastern Asia
Sint Maarten (Dutch part),,,,NN,,,SX,SXM,534,534,SXM,^(?!.*martin)(?!.*saba).*maarten,Americas,Caribbean
Slovakia,SLO,317,199,LO,936,SVK,SK,SVK,703,703,SVK,^(?!.*cze).*slovak,Europe,Eastern Europe
Slovenia,SLV,349,198,SI,961,SLO,SI,SVN,705,705,SVN,slovenia,Europe,Southern Europe
Solomon Islands,SOL,940,25,BP,813,SOL,SB,SLB,90,90,SLB,solomon,Oceania,Melanesia
Somalia,SOM,520,201,SO,726,SOM,SO,SOM,706,706,SOM,somali,Africa,Eastern Africa
South Africa,SAF,560,202,SF,199,RSA,ZA,ZAF,710,710,ZAF,\bs\w*.?africa,Africa,Southern Africa
South Georgia and the South Sandwich Islands,,,,,,,GS,SGS,239,,SGS,south.?georgia|sandwich,,
South Sudan,SSD,626,277,OD,733,,SS,SSD,728,728,SSD,\bs\w*.?sudan,Africa,Northern Africa
Spain,SPN,230,203,SP,184,ESP,ES,ESP,724,724,ESP,spain,Europe,Southern Europe
Sri Lanka,SRI,780,38,CE,524,SRI,LK,LKA,144,144,LKA,sri.?lanka|ceylon,Asia,Southern Asia
Sudan,SUD,625,276,SU,732,SUD,SD,SDN,736,729,SDN,^(?!.*\bs(?!u)).*sudan,Africa,Northern Africa
Suriname,SUR,115,207,NS,366,SUR,SR,SUR,740,740,SUR,surinam|dutch.?guiana,Americas,South America
Svalbard and Jan Mayen,,,,SV,,,SJ,SJM,744,744,SJM,svalbard,Europe,Northern Europe
Swaziland,SWA,572,209,WZ,734,SWZ,SZ,SWZ,748,748,SWZ,swaziland,Africa,Southern Africa
Sweden,SWD,380,210,SW,144,SWE,SE,SWE,752,752,SWE,sweden,Europe,Northern Europe
Switzerland,SWZ,225,211,SZ,146,SUI,CH,CHE,756,756,CHE,switz|swiss,Europe,Western Europe
Syrian Arab Republic,SYR,652,212,SY,463,SYR,SY,SYR,760,760,SYR,syria,Asia,Western Asia
"Taiwan, Province of China",TAW,713,,TW,528,TPE,TW,TWN,158,,TWN,taiwan|taipei|formosa,,
Tajikistan,TAJ,702,208,TI,923,TJK,TJ,TJK,762,762,TJK,tajik,Asia,Central Asia
"Tanzania, United Republic of",TAZ,510,215,TZ,738,TAN,TZ,TZA,834,834,TZA,tanzania,Africa,Eastern Africa
Thailand,THI,800,216,TH,578,THA,TH,THA,764,764,THA,thailand|\bsiam,Asia,South-Eastern Asia
Timor-Leste,ETM,860,176,TT,537,TLS,TL,TLS,626,626,TMP,^(?=.*leste).*timor|^(?=.*east).*timor,Asia,South-Eastern Asia
Togo,TOG,461,217,TO,742,TOG,TG,TGO,768,768,TGO,togo,Africa,Western Africa
Tokelau,,,,TL,,,TK,TKL,772,772,TKL,tokelau,Oceania,Polynesia
Tonga,TON,955,219,TN,866,TGA,TO,TON,776,776,TON,tonga,Oceania,Polynesia
Trinidad and Tobago,TRI,52,220,TD,369,TTO,TT,TTO,780,780,TTO,trinidad|tobago,Americas,Caribbean
Tunisia,TUN,616,222,TS,744,TUN,TN,TUN,788,788,TUN,tunisia,Africa,Northern Africa
Turkey,TUR,640,223,TU,186,TUR,TR,TUR,792,792,TUR,turkey,Asia,Western Asia
Turkmenistan,TKM,701,213,TX,925,TKM,TM,TKM,795,795,TKM,turkmen,Asia,Central Asia
Turks and Caicos Islands,,,,,,,TC,TCA,796,796,TCA,turks,Americas,Caribbean
Tuscany,TUS,337,,,,,,,,,,tuscany,,
Tuvalu,TUV,947,227,TV,,TUV,TV,TUV,798,798,TUV,tuvalu,Oceania,Polynesia
Two Sicilies,SIC,329,,,,,,,,,,two.?sicilies,,
Uganda,UGA,500,226,UG,746,UGA,UG,UGA,800,800,UGA,uganda,Africa,Eastern Africa
Ukraine,UKR,369,230,UP,926,UKR,UA,UKR,804,804,UKR,ukrain,Europe,Eastern Europe
United Arab Emirates,UAE,696,225,AE,466,UAE,AE,ARE,784,784,ARE,emirates|^u\.?a\.?e\.?$|united.?arab.?em,Asia,Western Asia
United Kingdom,UKG,200,229,UK,112,GBR,GB,GBR,826,826,GBR,united.?kingdom|britain|^u\.?k\.?$,Europe,Northern Europe
United States,USA,2,231,US,111,USA,US,USA,840,840,USA,united.?states|\bu\.?s\.?a\.?\b|\bu\.?s\.?\b(?!.*islands),Americas,Northern America
United States Minor Outlying Islands,,,,,,,UM,UMI,581,,UMI,minor.?outlying.?is,,
Uruguay,URU,165,234,UY,298,URU,UY,URY,858,858,URY,uruguay,Americas,South America
Uzbekistan,UZB,704,235,UZ,927,UZB,UZ,UZB,860,860,UZB,uzbek,Asia,Central Asia
Vanuatu,VAN,935,155,NH,846,VAN,VU,VUT,548,548,VUT,vanuatu|new.?hebrides,Oceania,Melanesia
"Venezuela, Bolivarian Republic of",VEN,101,236,VE,299,VEN,VE,VEN,862,862,VEN,venezuela,Americas,South America
Viet Nam,DRV,816,237,VM,582,VIE,VN,VNM,704,704,VNM,^(?!.*republic).*viet.?nam|^(?=.*socialist).*viet.?nam,Asia,South-Eastern Asia
"Virgin Islands, British",,,,VI,,,VG,VGB,92,92,VGB,^(?=.*\bu\.?\s?k).*virgin|^(?=.*brit).*virgin|^(?=.*kingdom).*virgin,Americas,Caribbean
"Virgin Islands, U.S.",,,,VQ,,ISV,VI,VIR,850,850,VIR,^(?=.*\bu\.?\s?s).*virgin|^(?=.*states).*virgin,Americas,Caribbean
Wallis and Futuna,,,,WF,,,WF,WLF,876,876,WLF,futuna|wallis,Oceania,Polynesia
Western Sahara,,,,WI,,,EH,ESH,732,732,ESH,western.sahara,Africa,Northern Africa
Wuerttemburg,WRT,271,,,,,,,,,,w(ue|ü)rttemburg,,
Yemen,YEM,679,249,YM,474,YEM,YE,YEM,887,887,YEM,^(?!.*arab)(?!.*north)(?!.*sana)(?!.*peo)(?!.*dem)(?!.*south)(?!.*aden)(?!.*\bp\.?d\.?r).*yemen,Asia,Western Asia
Yemen Arab Republic,YAR,678,,,,YAR,,,,,,^(?=.*arab).*yemen|^(?=.*north).*yemen|^(?=.*sana).*yemen,,
Yemen People's Republic,YPR,680,,,,YMD,YD,YMD,720,,,^(?=.*peo).*yemen|^(?!.*rep)(?=.*dem).*yemen|^(?=.*south).*yemen|^(?=.*aden).*yemen|^(?=.*\bp\.?d\.?r).*yemen,,
Yugoslavia,YUG,345,,,188,YUG,YU,YUG,,,YUG,yugoslavia,,
Zambia,ZAM,551,251,ZA,754,ZAM,ZM,ZMB,894,894,ZMB,zambia|northern.?rhodesia,Africa,Eastern Africa
Zanzibar,ZAN,511,,,,,,EAZ,,,,zanzibar,,
Zimbabwe,ZIM,552,181,ZI,698,ZIM,ZW,ZWE,716,716,ZWE,zimbabwe|^(?!.*northern).*rhodesia,Africa,Eastern Africa
